{
  "rreo": {
    "municipio_codigo": "2611606",
    "municipio_nome": "Recife",
    "ano": 2022,
    "periodo": 6,
    "receita_corrente_liquida": 3580242803.2803116,
    "receita_tributaria": 1828752385.9645593,
    "receita_transferencias": 2960076018.1479135,
    "despesa_pessoal": 947906820.4504982,
    "despesa_investimento": 897569350.5745401,
    "resultado_primario": 2943352233.0874343
  },
  "rgf": {
    "municipio_codigo": "2611606",
    "municipio_nome": "Recife",
    "ano": 2022,
    "periodo": 2,
    "despesa_total_pessoal": 947906820.4504982,
    "receita_corrente_liquida": 3580242803.2803116,
    "percentual_pessoal_rcl": 26.476048484253674,
    "limite_legal_pessoal": 54.0,
    "limite_prudencial_pessoal": 51.3,
    "divida_consolidada_liquida": 2076692231.9687774,
    "status_fiscal": "regular"
  },
  "indicators": {
    "investimento_percentual": 25.07006926324002,
    "dependencia_transferencias": 82.67808025298773,
    "autonomia_financeira": 17.321919747012274,
    "eficiencia_gasto_pessoal": 26.476048484253674,
    "capacidade_investimento": 27.523951515746326,
    "classificacao_fiscal": "bom"
  },
  "simulated": true
}