{
  "rreo": {
    "municipio_codigo": "5300108",
    "municipio_nome": "Brasília",
    "ano": 2022,
    "periodo": 6,
    "receita_corrente_liquida": 3275211741.9684753,
    "receita_tributaria": 344225793.3717055,
    "receita_transferencias": 2013984768.7869158,
    "despesa_pessoal": 1039689119.209188,
    "despesa_investimento": 633347560.8683382,
    "resultado_primario": 685173882.0810952
  },
  "rgf": {
    "municipio_codigo": "5300108",
    "municipio_nome": "Brasília",
    "ano": 2022,
    "periodo": 2,
    "despesa_total_pessoal": 1039689119.209188,
    "receita_corrente_liquida": 3275211741.9684753,
    "percentual_pessoal_rcl": 31.74418025823001,
    "limite_legal_pessoal": 54.0,
    "limite_prudencial_pessoal": 51.3,
    "divida_consolidada_liquida": 1796214395.0004883,
    "status_fiscal": "regular"
  },
  "indicators": {
    "investimento_percentual": 19.3376065660928,
    "dependencia_transferencias": 61.491742441557875,
    "autonomia_financeira": 38.508257558442125,
    "eficiencia_gasto_pessoal": 31.74418025823001,
    "capacidade_investimento": 22.25581974176999,
    "classificacao_fiscal": "excelente"
  },
  "simulated": true
}